{
  "Logistic Regression": {
    "accuracy": 1.0,
    "precision": 1.0,
    "recall": 1.0,
    "f1_score": 1.0,
    "auc_score": 1.0
  },
  "Random Forest": {
    "accuracy": 1.0,
    "precision": 1.0,
    "recall": 1.0,
    "f1_score": 1.0,
    "auc_score": 1.0
  },
  "Gradient Boosting": {
    "accuracy": 1.0,
    "precision": 1.0,
    "recall": 1.0,
    "f1_score": 1.0,
    "auc_score": 1.0
  },
  "SVM": {
    "accuracy": 0.9990424352383832,
    "precision": 0.9988805273959823,
    "recall": 0.999937741252646,
    "f1_score": 0.999408854733829,
    "auc_score": 0.9999975623559237
  },
  "Naive Bayes": {
    "accuracy": 0.9226388468904344,
    "precision": 0.9244930161884168,
    "recall": 0.9848711243929772,
    "f1_score": 0.9537274289331685,
    "auc_score": 0.9730205506572086
  },
  "Ensemble": {
    "accuracy": 1.0,
    "precision": 1.0,
    "recall": 1.0,
    "f1_score": 1.0,
    "auc_score": 1.0
  }
}