,accuracy,precision,recall,f1_score,auc_score
Logistic Regression,1.0,1.0,1.0,1.0,1.0
Random Forest,1.0,1.0,1.0,1.0,1.0
Gradient Boosting,1.0,1.0,1.0,1.0,1.0
SVM,0.9990424352383832,0.9988805273959823,0.999937741252646,0.999408854733829,0.9999975623559237
Naive Bayes,0.9226388468904344,0.9244930161884168,0.9848711243929772,0.9537274289331685,0.9730205506572086
Ensemble,1.0,1.0,1.0,1.0,1.0
